{"mean":{"confidence_interval":{"confidence_level":0.95,"lower_bound":34.246919527701785,"upper_bound":35.04466290412231},"point_estimate":34.57610923427919,"standard_error":0.20791379602324306},"median":{"confidence_interval":{"confidence_level":0.95,"lower_bound":33.99988195833531,"upper_bound":34.22872544618828},"point_estimate":34.091310458885246,"standard_error":0.0665734064932353},"median_abs_dev":{"confidence_interval":{"confidence_level":0.95,"lower_bound":0.25889735295018557,"upper_bound":0.4925147365169835},"point_estimate":0.3718666483058772,"standard_error":0.06386823354913279},"slope":{"confidence_interval":{"confidence_level":0.95,"lower_bound":34.11043622956184,"upper_bound":34.914607387817064},"point_estimate":34.45213245931694,"standard_error":0.20834524859794218},"std_dev":{"confidence_interval":{"confidence_level":0.95,"lower_bound":0.6599399005047645,"upper_bound":3.3418140896930972},"point_estimate":2.097105993687129,"standard_error":0.7822437996306958}}