{"mean":{"confidence_interval":{"confidence_level":0.95,"lower_bound":0.1099929944221291,"upper_bound":0.17368718578872142},"point_estimate":0.14064222536275084,"standard_error":0.016010619355533117},"median":{"confidence_interval":{"confidence_level":0.95,"lower_bound":0.01942991048240983,"upper_bound":0.33323813750110953},"point_estimate":0.030634324930760126,"standard_error":0.08618175224248815}}