{"mean":{"confidence_interval":{"confidence_level":0.95,"lower_bound":0.01467048394869413,"upper_bound":0.024313187654057114},"point_estimate":0.019567419653539808,"standard_error":0.00246170148486014},"median":{"confidence_interval":{"confidence_level":0.95,"lower_bound":0.014173287394901972,"upper_bound":0.024821554979919558},"point_estimate":0.017468031601552747,"standard_error":0.002541905930617669}}