{"mean":{"confidence_interval":{"confidence_level":0.95,"lower_bound":-0.005342057147261271,"upper_bound":0.009628230059938047},"point_estimate":0.002245536952136362,"standard_error":0.003813414179550415},"median":{"confidence_interval":{"confidence_level":0.95,"lower_bound":-0.00728367174479283,"upper_bound":0.0030668915549527664},"point_estimate":-0.0023652474800076595,"standard_error":0.002805165563639491}}