{"mean":{"confidence_interval":{"confidence_level":0.95,"lower_bound":0.004116188620039114,"upper_bound":0.01739546555670848},"point_estimate":0.01084383890480467,"standard_error":0.0033446886962480264},"median":{"confidence_interval":{"confidence_level":0.95,"lower_bound":0.003970948515908512,"upper_bound":0.01295782693421299},"point_estimate":0.007382794354072519,"standard_error":0.0022472010564649303}}