{"mean":{"confidence_interval":{"confidence_level":0.95,"lower_bound":-0.03389022624364226,"upper_bound":-0.004780447764822901},"point_estimate":-0.020557947421609213,"standard_error":0.007394391737809946},"median":{"confidence_interval":{"confidence_level":0.95,"lower_bound":-0.011889722568836247,"upper_bound":-0.0031426445443242246},"point_estimate":-0.0074730125272871595,"standard_error":0.0022745218294843083}}