{"mean":{"confidence_interval":{"confidence_level":0.95,"lower_bound":-0.0056271216818565535,"upper_bound":0.006223748073408483},"point_estimate":0.00023789939953910988,"standard_error":0.0030324307861438037},"median":{"confidence_interval":{"confidence_level":0.95,"lower_bound":-0.005618552509723237,"upper_bound":0.0010285608029507731},"point_estimate":-0.0022063992676596422,"standard_error":0.0016217076413836862}}