{"mean":{"confidence_interval":{"confidence_level":0.95,"lower_bound":-0.0005942596672124348,"upper_bound":0.009223240559734447},"point_estimate":0.004159357176927392,"standard_error":0.0025006890740514255},"median":{"confidence_interval":{"confidence_level":0.95,"lower_bound":0.0007489143385996933,"upper_bound":0.009734550910940554},"point_estimate":0.005987981238263496,"standard_error":0.0023045248603400736}}