{"mean":{"confidence_interval":{"confidence_level":0.95,"lower_bound":393.44453128322164,"upper_bound":397.53523901909676},"point_estimate":395.2990890288027,"standard_error":1.0498804841353997},"median":{"confidence_interval":{"confidence_level":0.95,"lower_bound":390.0636233415522,"upper_bound":395.2443557329785},"point_estimate":391.6960012054627,"standard_error":1.4592382219330156},"median_abs_dev":{"confidence_interval":{"confidence_level":0.95,"lower_bound":2.1189045013368784,"upper_bound":7.515028682027556},"point_estimate":4.485010096913961,"standard_error":1.5045636771224553},"slope":{"confidence_interval":{"confidence_level":0.95,"lower_bound":391.43912878858606,"upper_bound":398.1348477401679},"point_estimate":393.99856941060983,"standard_error":1.7882187113955001},"std_dev":{"confidence_interval":{"confidence_level":0.95,"lower_bound":5.797370036935357,"upper_bound":14.831995483122473},"point_estimate":10.534818729571475,"standard_error":2.3672258281456324}}