{"mean":{"confidence_interval":{"confidence_level":0.95,"lower_bound":-0.03429423069136682,"upper_bound":-0.011528975786748817},"point_estimate":-0.02201783798292678,"standard_error":0.005827200250531248},"median":{"confidence_interval":{"confidence_level":0.95,"lower_bound":-0.020579927305423684,"upper_bound":-0.0021630795775774425},"point_estimate":-0.011146320487030126,"standard_error":0.004701357882032668}}