{"mean":{"confidence_interval":{"confidence_level":0.95,"lower_bound":-0.011654345052231138,"upper_bound":-0.0014848086889032086},"point_estimate":-0.006546014985819748,"standard_error":0.0026040362177551213},"median":{"confidence_interval":{"confidence_level":0.95,"lower_bound":-0.011830903737111376,"upper_bound":-0.0071814247052720695},"point_estimate":-0.009198275986965543,"standard_error":0.0012370132944084303}}