{"mean":{"confidence_interval":{"confidence_level":0.95,"lower_bound":-0.004834563437914737,"upper_bound":0.014313548378440899},"point_estimate":0.005586467544080431,"standard_error":0.004887001415308257},"median":{"confidence_interval":{"confidence_level":0.95,"lower_bound":0.0028379012703325887,"upper_bound":0.015264916106961346},"point_estimate":0.007047285831857764,"standard_error":0.003559786360000406}}