{"mean":{"confidence_interval":{"confidence_level":0.95,"lower_bound":44.75044884236406,"upper_bound":45.36571724502022},"point_estimate":45.02150609857945,"standard_error":0.1576442431364231},"median":{"confidence_interval":{"confidence_level":0.95,"lower_bound":44.40933949078789,"upper_bound":44.86016110082523},"point_estimate":44.602956996293315,"standard_error":0.13219748594590244},"median_abs_dev":{"confidence_interval":{"confidence_level":0.95,"lower_bound":0.41903330026107805,"upper_bound":0.8624570459240467},"point_estimate":0.6427663175935443,"standard_error":0.12493990056157264},"slope":{"confidence_interval":{"confidence_level":0.95,"lower_bound":44.45225772649948,"upper_bound":44.824967446806895},"point_estimate":44.61808938608658,"standard_error":0.09523501736782486},"std_dev":{"confidence_interval":{"confidence_level":0.95,"lower_bound":0.7678846218742728,"upper_bound":2.360515019516367},"point_estimate":1.5821988145553691,"standard_error":0.436455856329589}}