{"mean":{"confidence_interval":{"confidence_level":0.95,"lower_bound":-0.01784004657969714,"upper_bound":-0.0024497428586740208},"point_estimate":-0.010219553115646263,"standard_error":0.003922974441290478},"median":{"confidence_interval":{"confidence_level":0.95,"lower_bound":-0.018938922530051472,"upper_bound":-0.007747325068595878},"point_estimate":-0.01403681160180581,"standard_error":0.0028464600139918696}}