{"mean":{"confidence_interval":{"confidence_level":0.95,"lower_bound":-0.039355283666750146,"upper_bound":-0.022218001488974407},"point_estimate":-0.03071388077187398,"standard_error":0.004355967305984501},"median":{"confidence_interval":{"confidence_level":0.95,"lower_bound":-0.038628850679054305,"upper_bound":-0.026918885118058067},"point_estimate":-0.03472190086855231,"standard_error":0.0027921283178362006}}