{"mean":{"confidence_interval":{"confidence_level":0.95,"lower_bound":-0.012604746061118874,"upper_bound":0.006402132585394283},"point_estimate":-0.0024781793091155357,"standard_error":0.004815479753851583},"median":{"confidence_interval":{"confidence_level":0.95,"lower_bound":-0.008960066944970424,"upper_bound":0.004005661441482733},"point_estimate":-0.0022407399387026627,"standard_error":0.0034514474217210624}}