{"mean":{"confidence_interval":{"confidence_level":0.95,"lower_bound":-0.006470009911829257,"upper_bound":0.021820854702015977},"point_estimate":0.006955848785846097,"standard_error":0.007145237585384333},"median":{"confidence_interval":{"confidence_level":0.95,"lower_bound":-0.0007526472776727688,"upper_bound":0.0037438748677680817},"point_estimate":0.0017888130801191338,"standard_error":0.0011520206549505523}}