{"mean":{"confidence_interval":{"confidence_level":0.95,"lower_bound":-0.029536675105661183,"upper_bound":-0.016210677972529577},"point_estimate":-0.022715646759342123,"standard_error":0.0033870696796740735},"median":{"confidence_interval":{"confidence_level":0.95,"lower_bound":-0.024733642323554905,"upper_bound":-0.014798162986239927},"point_estimate":-0.02063702926165445,"standard_error":0.0023921877310982206}}