{"mean":{"confidence_interval":{"confidence_level":0.95,"lower_bound":0.0380642686551507,"upper_bound":0.04794724446678795},"point_estimate":0.04275498414380574,"standard_error":0.0024814995084267125},"median":{"confidence_interval":{"confidence_level":0.95,"lower_bound":0.03649098106682791,"upper_bound":0.04165979653268237},"point_estimate":0.03833625336262414,"standard_error":0.00133927442162691}}