{"mean":{"confidence_interval":{"confidence_level":0.95,"lower_bound":-0.0355979528236532,"upper_bound":-0.014073406410282726},"point_estimate":-0.023877057868191498,"standard_error":0.005512702722025741},"median":{"confidence_interval":{"confidence_level":0.95,"lower_bound":-0.026364515321400495,"upper_bound":-0.01232672244284927},"point_estimate":-0.01781513143384994,"standard_error":0.0032854280280205602}}