{"mean":{"confidence_interval":{"confidence_level":0.95,"lower_bound":61.66142366869909,"upper_bound":62.183479238880615},"point_estimate":61.90663903954706,"standard_error":0.133704729224936},"median":{"confidence_interval":{"confidence_level":0.95,"lower_bound":61.341552716366394,"upper_bound":61.5623743519333},"point_estimate":61.43607971465657,"standard_error":0.06420684271152614},"median_abs_dev":{"confidence_interval":{"confidence_level":0.95,"lower_bound":0.39916803909192583,"upper_bound":0.812614294599281},"point_estimate":0.6060853254356972,"standard_error":0.09813029879079332},"slope":{"confidence_interval":{"confidence_level":0.95,"lower_bound":61.40955305743131,"upper_bound":61.90695943742075},"point_estimate":61.63613144422326,"standard_error":0.12769855594799726},"std_dev":{"confidence_interval":{"confidence_level":0.95,"lower_bound":0.8923595356092593,"upper_bound":1.7520030456571882},"point_estimate":1.3490699822576262,"standard_error":0.21993913092884113}}