{"mean":{"confidence_interval":{"confidence_level":0.95,"lower_bound":84.54191699686747,"upper_bound":85.28257261669596},"point_estimate":84.89365452445625,"standard_error":0.19014915117831532},"median":{"confidence_interval":{"confidence_level":0.95,"lower_bound":83.9703153922825,"upper_bound":84.43346515825881},"point_estimate":84.19126587981954,"standard_error":0.09829638331482878},"median_abs_dev":{"confidence_interval":{"confidence_level":0.95,"lower_bound":0.5633092789730032,"upper_bound":1.2381488671394902},"point_estimate":0.7806138307207552,"standard_error":0.17188367536535354},"slope":{"confidence_interval":{"confidence_level":0.95,"lower_bound":84.05123353610942,"upper_bound":84.62034437905159},"point_estimate":84.30275772006358,"standard_error":0.14574013169847633},"std_dev":{"confidence_interval":{"confidence_level":0.95,"lower_bound":1.3671376839767764,"upper_bound":2.386265616427083},"point_estimate":1.9078949582421472,"standard_error":0.26076804219842276}}