{"mean":{"confidence_interval":{"confidence_level":0.95,"lower_bound":0.00025302908002271187,"upper_bound":0.012834565971673591},"point_estimate":0.006488477033903317,"standard_error":0.003198528402910611},"median":{"confidence_interval":{"confidence_level":0.95,"lower_bound":0.00216610947371243,"upper_bound":0.010278372242710221},"point_estimate":0.005367866225627349,"standard_error":0.002112262988683393}}