{"mean":{"confidence_interval":{"confidence_level":0.95,"lower_bound":-0.01375505903907713,"upper_bound":-0.0021801391615721586},"point_estimate":-0.008180515410183609,"standard_error":0.0029719976979602877},"median":{"confidence_interval":{"confidence_level":0.95,"lower_bound":-0.015077989765412192,"upper_bound":-0.005644115118918122},"point_estimate":-0.012214400284365379,"standard_error":0.002493204488196034}}